San Diego	32.7157	-117.1611	PPLA2	CA	US	92101	
Chula Vista	32.6401	-117.0842	PPLA2	CA	US	91910	
Oceanside	33.1959	-117.3795	PPLA2	CA	US	92054	
Escondido	33.1192	-117.0864	PPLA2	CA	US	92025	
Carlsbad	33.1581	-117.3506	PPLA2	CA	US	92008	
El Cajon	32.7948	-116.9625	PPLA2	CA	US	92020	
Vista	33.2000	-117.2425	PPLA2	CA	US	92084	
San Marcos	33.1434	-117.1661	PPLA2	CA	US	92069	
Encinitas	33.0370	-117.2920	PPLA2	CA	US	92024	
National City	32.6781	-117.0992	PPLA2	CA	US	91950	
La Mesa	32.7678	-117.0231	PPLA2	CA	US	91942	
Santee	32.8384	-116.9739	PPLA2	CA	US	92071	
Poway	32.9628	-117.0359	PPLA2	CA	US	92064	
Lemon Grove	32.7426	-117.0314	PPLA2	CA	US	91945	
Imperial Beach	32.5839	-117.1131	PPLA2	CA	US	91932	
Coronado	32.6859	-117.1831	PPLA2	CA	US	92118	
Del Mar	32.9595	-117.2653	PPLA2	CA	US	92014	
Solana Beach	32.9912	-117.2712	PPLA2	CA	US	92075	
Spring Valley	32.7448	-116.9989	PPL	CA	US	91977	
La Presa	32.7106	-116.9947	PPL	CA	US	91977	
Rancho San Diego	32.7501	-116.9166	PPL	CA	US	92019	
Casa de Oro	32.7570	-116.9694	PPL	CA	US	91977	
Mount Helix	32.7656	-116.9586	PPLX	CA	US	91941	La Mesa
Fletcher Hills	32.7884	-116.9858	PPLX	CA	US	92020	El Cajon
Bostonia	32.8095	-116.9469	PPL	CA	US	92021	
Granite Hills	32.7959	-116.9214	PPLX	CA	US	92019	El Cajon
Crest	32.7848	-116.8625	PPL	CA	US	92021	
Lakeside	32.8573	-116.9220	PPL	CA	US	92040	
Winter Gardens	32.8390	-116.9241	PPL	CA	US	92040	
Eucalyptus Hills	32.8745	-116.9180	PPLX	CA	US	92040	Lakeside
Alpine	32.8351	-116.7664	PPL	CA	US	91901	
Ramona	33.0417	-116.8678	PPL	CA	US	92065	
Julian	33.0786	-116.6019	PPL	CA	US	92036	
Jamul	32.7140	-116.8761	PPL	CA	US	91935	
Bonita	32.6578	-117.0297	PPL	CA	US	91902	
Eastlake	32.6647	-116.9694	PPLX	CA	US	91915	Chula Vista
Otay Mesa	32.5539	-116.9694	PPLX	CA	US	92154	San Diego
San Ysidro	32.5520	-117.0434	PPLX	CA	US	92173	San Diego
Paradise Hills	32.6797	-117.0436	PPLX	CA	US	92139	San Diego
Encanto	32.7012	-117.0531	PPLX	CA	US	92114	San Diego
Lincoln Park	32.7008	-117.0858	PPLX	CA	US	92102	San Diego
Logan Heights	32.6975	-117.1336	PPLX	CA	US	92113	San Diego
Barrio Logan	32.6967	-117.1408	PPLX	CA	US	92113	San Diego
Downtown San Diego	32.7157	-117.1611	PPLX	CA	US	92101	San Diego
Hillcrest	32.7480	-117.1631	PPLX	CA	US	92103	San Diego
North Park	32.7406	-117.1297	PPLX	CA	US	92104	San Diego
South Park	32.7331	-117.1306	PPLX	CA	US	92102	San Diego
Normal Heights	32.7611	-117.1217	PPLX	CA	US	92116	San Diego
Kensington	32.7592	-117.1006	PPLX	CA	US	92116	San Diego
City Heights	32.7494	-117.0944	PPLX	CA	US	92105	San Diego
Mission Valley	32.7711	-117.1572	PPLX	CA	US	92108	San Diego
Mission Hills	32.7506	-117.1822	PPLX	CA	US	92103	San Diego
Old Town	32.7545	-117.1972	PPLX	CA	US	92110	San Diego
Point Loma	32.7361	-117.2280	PPLX	CA	US	92106	San Diego
Ocean Beach	32.7497	-117.2492	PPLX	CA	US	92107	San Diego
Mission Beach	32.7708	-117.2522	PPLX	CA	US	92109	San Diego
Pacific Beach	32.7997	-117.2417	PPLX	CA	US	92109	San Diego
La Jolla	32.8328	-117.2713	PPLX	CA	US	92037	San Diego
University City	32.8636	-117.2086	PPLX	CA	US	92122	San Diego
Clairemont	32.8231	-117.1869	PPLX	CA	US	92117	San Diego
Linda Vista	32.7728	-117.1858	PPLX	CA	US	92111	San Diego
Kearny Mesa	32.8328	-117.1497	PPLX	CA	US	92111	San Diego
Serra Mesa	32.7958	-117.1419	PPLX	CA	US	92123	San Diego
Tierrasanta	32.8197	-117.0931	PPLX	CA	US	92124	San Diego
Mira Mesa	32.9170	-117.1428	PPLX	CA	US	92126	San Diego
Scripps Ranch	32.9203	-117.1058	PPLX	CA	US	92131	San Diego
Rancho Penasquitos	32.9628	-117.1217	PPLX	CA	US	92129	San Diego
Carmel Valley	32.9461	-117.2353	PPLX	CA	US	92130	San Diego
Sorrento Valley	32.8983	-117.2050	PPLX	CA	US	92121	San Diego
Rancho Bernardo	33.0192	-117.0764	PPLX	CA	US	92127	San Diego
Carmel Mountain	32.9892	-117.0858	PPLX	CA	US	92128	San Diego
Sabre Springs	32.9700	-117.0894	PPLX	CA	US	92128	San Diego
College Area	32.7717	-117.0719	PPLX	CA	US	92115	San Diego
Del Cerro	32.7906	-117.0608	PPLX	CA	US	92120	San Diego
Allied Gardens	32.7944	-117.0708	PPLX	CA	US	92120	San Diego
San Carlos	32.7944	-117.0317	PPLX	CA	US	92119	San Diego
Rolando	32.7619	-117.0578	PPLX	CA	US	92115	San Diego
Grantville	32.7869	-117.1086	PPLX	CA	US	92120	San Diego
Rancho Santa Fe	33.0203	-117.2036	PPL	CA	US	92067	
Fairbanks Ranch	33.0114	-117.1972	PPLX	CA	US	92067	Rancho Santa Fe
Cardiff	33.0167	-117.2792	PPLX	CA	US	92007	Encinitas
Leucadia	33.0600	-117.2950	PPLX	CA	US	92024	Encinitas
Olivenhain	33.0508	-117.2342	PPLX	CA	US	92024	Encinitas
Bonsall	33.2886	-117.2253	PPL	CA	US	92003	
Fallbrook	33.3764	-117.2511	PPL	CA	US	92028	
Valley Center	33.2181	-117.0353	PPL	CA	US	92082	
Pala	33.3661	-117.0742	PPL	CA	US	92059	
Pauma Valley	33.3017	-116.9647	PPL	CA	US	92061	
Borrego Springs	33.2556	-116.3750	PPL	CA	US	92004	
Descanso	32.8517	-116.6147	PPL	CA	US	91916	
Pine Valley	32.8217	-116.5289	PPL	CA	US	91962	
Campo	32.6053	-116.4683	PPL	CA	US	91906	
Boulevard	32.6664	-116.2814	PPL	CA	US	91905	
Potrero	32.6178	-116.6017	PPL	CA	US	91963	
Dulzura	32.6303	-116.7822	PPL	CA	US	91917	
Tecate	32.5775	-116.6258	PPL	CA	US	91980	
Warner Springs	33.2842	-116.6328	PPL	CA	US	92086	
Santa Ysabel	33.1083	-116.6717	PPL	CA	US	92070	
Harbison Canyon	32.8170	-116.8344	PPLX	CA	US	92019	El Cajon
Mount Laguna	32.8703	-116.4178	PPL	CA	US	91948	
Guatay	32.8467	-116.5644	PPL	CA	US	91931	
Jacumba	32.6172	-116.1894	PPL	CA	US	91934	
Camp Pendleton	33.3017	-117.3122	PPL	CA	US	92055	
Cortez Hill	32.7222	-117.1611	PPLX	CA	US	92101	San Diego
Little Italy	32.7236	-117.1689	PPLX	CA	US	92101	San Diego
Golden Hill	32.7197	-117.1336	PPLX	CA	US	92102	San Diego
Sherman Heights	32.7058	-117.1392	PPLX	CA	US	92102	San Diego
Bay Park	32.7944	-117.2050	PPLX	CA	US	92110	San Diego
Bay Ho	32.8244	-117.2017	PPLX	CA	US	92117	San Diego
Mission Bay	32.7861	-117.2367	PPLX	CA	US	92109	San Diego
Black Mountain Ranch	33.0181	-117.1389	PPLX	CA	US	92130	San Diego
Torrey Highlands	32.9744	-117.1572	PPLX	CA	US	92129	San Diego
Del Sur	33.0250	-117.1781	PPLX	CA	US	92127	San Diego
4S Ranch	33.0258	-117.1167	PPLX	CA	US	92127	San Diego
Lake San Marcos	33.1283	-117.2089	PPLX	CA	US	92078	San Marcos
Hidden Meadows	33.1647	-117.0656	PPL	CA	US	92026	
Twin Oaks	33.1719	-117.1147	PPLX	CA	US	92069	San Marcos
Eden Gardens	32.9939	-117.2683	PPLX	CA	US	92075	Solana Beach
Tierra del Sol	32.6553	-116.2247	PPL	CA	US	91906	
